{"cameraMode":{"drawMode":0,"name":"Shaded","section":"Shading Mode"},"sceneLighting":true,"audioPlay":false,"sceneViewState":{"m_AlwaysRefresh":false,"showFog":true,"showSkybox":true,"showFlares":true,"showImageEffects":true,"showParticleSystems":true,"showVisualEffectGraphs":true,"m_FxEnabled":true},"in2DMode":false,"pivot":{"x":-0.7105590105056763,"y":1.3132383823394776,"z":0.24477338790893556},"rotation":{"x":0.1038670614361763,"y":0.08047110587358475,"z":-0.008433358743786812,"w":0.9912997484207153},"size":10.078365325927735,"orthographic":false}